Entity,Type,Company_number,MASA_status,FirstName,LastName,Year,Domain_Solutions,%_of_work_January,%_work_February,%_work_March,%_work_April,%_work_May,%_work_June,%_work_July,%_work_August,%_work_September,%_work_October,%_work_November,%_work_December
BS,EXT,415,,Timothy,Snyder,2025,ES,0.92,1.14,0.86,1.03,1.12,0.86,1.01,0.94,0.92,0.95,1.13,1.06
BS,EXT,508,,Charles,Woods,2025,DIR,1.02,0.95,1.0,1.08,1.19,1.13,1.09,1.16,1.06,0.94,1.02,0.9
AMN,INT,415,NEVP,Pamela,Simpson,2025,EC,0.98,1.16,0.98,1.0,0.91,0.84,0.85,1.17,0.81,1.13,0.84,0.83
AMN,EXT,407,,Grace,Taylor,2025,DIR,1.0,0.88,0.9,0.99,1.06,1.13,1.12,0.91,0.81,0.97,0.84,1.05
AMN,INT,415,EVP,Gerald,Woods,2025,SC,0.87,0.83,0.81,0.98,0.82,1.17,0.84,1.09,0.81,0.81,1.14,1.02
AMN,INT,508,Groupe EVP,Deborah,Peterson,2025,ES,1.06,0.85,0.86,0.83,0.94,1.17,1.03,1.06,0.87,1.02,1.12,0.8
BS,EXT,407,,Dorothy,Wood,2025,OPN,1.05,1.03,0.97,0.93,0.8,0.92,0.91,1.16,1.13,1.04,1.09,0.95
BS,INT,407,Groupe EVP,Judith,Hicks,2025,ES,1.1,0.99,0.85,0.81,1.18,1.0,1.19,1.12,0.98,1.08,1.19,1.12
BS,INT,407,NEVP,Tyler,Gutierrez,2025,SC,0.93,1.13,1.0,1.08,0.85,1.11,0.9,1.09,1.13,1.0,1.03,0.98
BS,EXT,508,,Kyle,Moore,2025,OPN,0.82,1.02,1.03,0.96,0.92,0.99,1.06,1.09,0.95,1.0,1.12,0.92
BS,INT,589,NEVP,Michael,Mitchell,2025,DIR,0.92,1.17,0.94,0.86,0.81,1.06,1.1,0.86,0.9,0.88,1.08,1.08
AMN,INT,589,EVP,Melissa,Owens,2025,ES,0.88,0.94,0.83,1.17,1.0,1.2,1.01,0.92,1.0,1.16,0.82,0.83
BS,EXT,415,,Ralph,Hayes,2025,OPN,0.82,1.2,0.98,0.85,0.96,0.9,1.09,0.99,0.99,1.04,0.81,0.98
BS,EXT,407,,Maria,Tran,2025,DIR,1.2,1.13,1.1,1.07,0.88,1.1,1.04,0.93,0.84,1.01,1.09,0.93
AMN,EXT,508,,Kelly,Munoz,2025,RDMF,0.93,1.12,0.99,0.95,1.04,1.07,0.9,1.15,1.07,0.87,0.97,1.13
BS,EXT,589,,Melissa,Harris,2025,DIR,1.14,0.85,1.1,0.88,0.92,0.82,0.82,1.1,1.06,0.84,1.06,0.86
AMN,EXT,589,,Jordan,Gonzales,2025,SC,0.97,1.15,0.8,1.2,0.94,1.05,1.13,1.06,0.99,1.13,0.97,1.07
BS,INT,508,EVP,Helen,Miller,2025,RDMF,0.91,1.16,0.89,1.16,1.19,0.84,1.04,0.86,0.92,0.82,1.19,0.89
BS,INT,508,EVP,Ethan,Wright,2025,ES,0.9,1.06,1.03,1.17,0.95,0.91,1.14,1.03,1.17,0.99,0.89,1.06
BS,INT,407,NEVP,Ryan,Ward,2025,EC,1.17,0.82,1.03,0.92,1.01,0.97,1.09,1.02,0.88,1.1,0.92,1.06
BS,INT,508,NEVP,Christopher,Gomez,2025,ES,0.86,1.1,0.87,0.93,0.91,1.1,0.88,1.05,0.91,0.95,1.08,1.11
AMN,INT,415,Groupe EVP,Tyler,Long,2025,RDMF,0.94,1.04,0.99,1.03,1.1,0.87,0.9,0.97,0.89,0.87,1.15,1.1
AMN,INT,508,Groupe EVP,Virginia,Moore,2025,OPN,0.94,1.03,1.14,1.09,1.17,0.82,1.02,1.18,1.08,0.91,1.0,0.86
BS,INT,407,NEVP,Nancy,Morgan,2025,DIR,0.87,0.86,1.05,0.94,1.14,0.99,0.86,1.01,1.0,0.97,0.81,0.99
BS,EXT,415,,Amanda,Wright,2025,SC,0.81,1.16,1.13,1.2,1.11,0.86,0.91,1.12,1.03,1.03,0.86,0.89
AMN,EXT,589,,George,Olson,2025,SC,0.83,1.09,1.12,0.85,1.1,1.05,0.87,1.05,0.92,0.83,0.83,0.88
BS,INT,415,Groupe EVP,Melissa,Martin,2025,RDMF,0.93,1.12,1.11,1.01,0.9,0.91,1.14,0.95,0.99,1.05,1.13,0.93
AMN,EXT,589,,Benjamin,Thompson,2025,ES,0.98,0.84,1.0,1.16,1.1,1.09,0.97,0.91,0.99,1.03,0.94,1.06
BS,EXT,589,,Helen,Bennett,2025,ES,1.18,1.17,1.18,1.14,0.94,1.01,0.92,0.83,0.87,0.98,0.99,1.05
BS,INT,407,Groupe EVP,Helen,Morris,2025,RDMF,1.15,0.9,1.11,1.14,1.16,0.9,1.2,0.97,0.85,1.05,0.81,1.03
AMN,EXT,589,,Bruce,Thompson,2025,DIR,0.95,0.99,1.2,1.06,0.83,0.98,1.18,1.15,1.09,0.82,1.1,0.95
AMN,EXT,407,,Larry,Gutierrez,2025,RDMF,1.14,0.89,1.03,1.2,0.94,1.04,0.89,0.84,1.11,0.8,1.16,0.81
AMN,INT,407,EVP,Kelly,Washington,2025,OPN,1.07,0.93,0.83,1.01,0.96,1.15,0.96,1.03,0.87,1.09,0.89,1.11
BS,EXT,415,,Shirley,Jimenez,2025,EC,1.11,0.81,0.9,1.01,1.1,1.13,0.97,0.98,0.91,1.12,0.97,0.87
BS,EXT,415,,Ronald,Hamilton,2025,OPN,0.82,0.84,1.0,0.84,1.2,1.18,1.19,1.06,1.03,1.05,0.95,0.86
BS,INT,589,EVP,Billy,Green,2025,ES,0.96,0.81,0.96,1.04,1.13,0.82,0.9,1.06,1.07,0.98,0.85,1.08
AMN,INT,589,Groupe EVP,Lauren,Brooks,2025,OPN,0.98,0.81,1.08,1.1,0.9,1.07,1.2,1.11,1.04,0.89,0.87,0.88
AMN,INT,407,Groupe EVP,Kevin,Woods,2025,ES,1.06,1.11,1.09,0.9,1.0,1.0,1.17,0.85,0.98,1.12,1.04,1.1
BS,EXT,508,,Alexis,Roberts,2025,ES,0.86,0.91,1.14,0.94,1.07,1.07,1.2,0.95,0.88,1.01,1.05,0.97
AMN,EXT,508,,Mary,Ross,2025,ES,0.81,0.88,1.03,1.18,1.14,1.15,1.06,1.18,0.91,1.17,0.81,1.17
BS,EXT,407,,Sophia,Tucker,2025,OPN,0.87,1.18,1.03,0.96,0.81,0.82,0.94,0.97,0.85,1.09,1.04,1.07
BS,INT,508,EVP,Jack,Fisher,2025,OPN,1.15,1.0,0.97,1.02,1.02,0.89,1.16,0.97,1.15,1.18,1.12,0.83
AMN,INT,407,NEVP,Helen,Gonzalez,2025,EC,0.84,1.18,1.01,0.82,0.85,1.17,0.9,1.11,0.82,1.16,0.94,1.03
BS,INT,415,Groupe EVP,Bobby,Williams,2025,EC,0.87,1.06,0.86,0.95,1.16,0.95,1.18,1.19,0.96,0.84,0.83,1.17
AMN,INT,415,Groupe EVP,Teresa,Ross,2025,RDMF,0.85,1.0,0.88,1.11,0.85,0.81,0.97,1.03,0.94,0.94,1.12,1.06
BS,EXT,407,,Emma,Griffin,2025,DIR,1.08,0.86,0.91,1.06,0.93,0.81,0.86,1.17,0.87,0.95,1.17,0.82
AMN,INT,415,NEVP,Margaret,Weaver,2025,ES,1.12,1.2,1.02,1.06,1.11,1.14,1.05,1.02,0.95,0.91,1.07,1.06
AMN,EXT,508,,Jean,Herrera,2025,EC,0.9,1.07,0.94,0.94,0.94,0.89,1.12,1.01,0.84,1.12,1.15,0.94
AMN,EXT,508,,Joshua,Chavez,2025,OPN,1.18,0.94,1.15,0.84,0.82,1.16,1.16,1.14,1.05,1.03,0.84,0.82
AMN,INT,415,NEVP,Christopher,Diaz,2025,SC,0.85,1.12,0.96,1.2,0.87,1.01,0.91,0.93,1.12,0.98,0.96,0.97
AMN,EXT,589,,Maria,Diaz,2025,SC,0.86,0.87,1.16,1.02,0.99,0.91,0.96,0.83,0.84,0.97,0.86,1.16
AMN,INT,407,NEVP,Evelyn,Mitchell,2025,RDMF,0.85,1.13,0.98,1.17,1.08,1.14,1.02,1.02,0.87,0.82,1.08,1.05
BS,INT,407,NEVP,Joshua,Silva,2025,EC,0.99,0.98,0.87,1.17,1.04,0.93,0.92,0.96,1.04,1.07,1.14,1.09
AMN,INT,508,EVP,Carol,Myers,2025,SC,0.92,0.95,0.85,0.95,1.09,0.82,0.84,0.85,1.04,0.91,1.18,0.96
AMN,EXT,415,,Bryan,Scott,2025,OPN,0.89,0.83,1.1,0.89,0.9,0.87,0.92,1.09,0.94,1.06,1.0,1.17
AMN,INT,415,Groupe EVP,Linda,Wood,2025,EC,1.07,1.14,1.1,1.02,0.99,0.81,1.11,1.0,0.96,1.04,1.1,1.07
BS,INT,415,EVP,Beverly,Hernandez,2025,RDMF,0.97,0.93,0.95,0.93,1.17,0.92,1.07,1.0,1.03,1.01,0.95,1.07
BS,INT,508,NEVP,Rebecca,Richardson,2025,RDMF,1.04,0.99,0.81,0.92,0.88,1.15,1.11,1.12,1.05,0.97,0.95,1.07
AMN,EXT,508,,Stephanie,Vargas,2025,EC,1.14,1.1,1.13,1.17,1.07,1.11,0.8,0.86,1.19,1.19,1.05,1.0
AMN,INT,589,Groupe EVP,Alexis,Evans,2025,EC,0.93,0.9,1.06,0.81,1.03,0.93,1.07,1.17,1.14,0.93,0.91,0.8
BS,EXT,415,,Karen,Daniels,2025,OPN,0.88,1.18,0.82,1.06,0.99,1.03,1.06,0.93,1.19,0.96,0.97,1.16
BS,INT,407,EVP,Megan,Weaver,2025,ES,0.94,1.09,1.07,1.19,1.1,1.13,0.81,1.04,1.15,0.83,0.89,1.09
AMN,EXT,415,,Doris,Stone,2025,RDMF,0.89,1.08,1.12,0.84,0.93,1.14,0.91,1.08,0.92,0.86,1.02,0.96
BS,INT,508,Groupe EVP,Bruce,Olson,2025,ES,1.07,0.82,1.15,0.99,0.95,0.97,0.85,0.88,0.92,0.88,1.16,1.06
BS,EXT,407,,Nicole,Jenkins,2025,DIR,1.11,0.81,0.92,1.11,0.8,0.95,1.13,1.08,1.1,0.88,1.01,1.04
AMN,EXT,407,,Jason,Spencer,2025,OPN,0.95,0.81,1.07,0.99,1.03,1.13,1.07,1.14,0.85,1.0,1.04,0.95
AMN,EXT,589,,Rebecca,Olson,2025,OPN,0.88,1.03,0.96,1.11,1.0,0.91,0.91,1.13,0.9,0.92,0.85,0.81
BS,INT,407,EVP,Noah,Peterson,2025,DIR,0.94,0.99,1.15,1.16,1.08,1.07,1.2,0.91,0.89,0.96,0.91,1.08
AMN,EXT,508,,Frank,Russell,2025,SC,1.14,0.86,0.84,0.93,1.15,1.1,1.15,1.04,1.16,0.92,1.11,1.09
BS,INT,589,NEVP,Megan,Murphy,2025,RDMF,1.2,0.87,1.01,0.87,1.04,1.16,0.95,1.11,1.02,1.08,0.9,1.1
BS,INT,589,NEVP,Raymond,Cruz,2025,ES,0.88,1.05,0.84,1.12,0.89,1.2,1.02,0.99,0.97,0.83,1.16,1.2
AMN,EXT,415,,Michelle,Rice,2025,OPN,0.86,1.18,1.15,0.81,1.15,1.01,0.93,1.07,1.07,1.17,1.1,0.99
BS,EXT,589,,Kathleen,Holmes,2025,DIR,1.06,1.06,1.0,1.14,1.07,0.83,1.09,1.2,1.13,1.12,0.85,1.15
AMN,INT,415,EVP,Victoria,Ryan,2025,OPN,1.01,0.82,0.96,0.87,1.08,0.84,1.12,1.09,1.19,1.06,0.95,0.8
AMN,INT,407,EVP,Olivia,Soto,2025,EC,0.83,0.84,0.96,0.87,1.06,1.09,1.16,1.01,1.19,0.97,1.16,1.18
AMN,INT,508,EVP,Kyle,Payne,2025,EC,0.87,1.05,1.18,0.81,1.13,1.01,1.11,0.93,0.89,0.88,0.9,0.81
BS,EXT,407,,Ralph,Munoz,2025,SC,0.86,1.06,0.93,1.03,0.83,1.01,1.0,1.05,1.05,0.96,0.96,0.85
BS,INT,508,EVP,Justin,Wallace,2025,EC,1.03,1.02,0.91,0.83,1.02,1.18,1.13,1.12,1.14,0.99,0.96,1.12
BS,INT,589,Groupe EVP,Larry,Nguyen,2025,ES,0.99,0.98,1.09,0.89,0.84,0.92,1.08,0.9,1.1,0.84,1.19,1.15
AMN,EXT,415,,Cheryl,Martin,2025,OPN,0.9,1.06,1.17,1.19,1.02,0.98,0.95,0.91,1.01,0.8,0.85,1.07
BS,INT,508,NEVP,Isabella,Turner,2025,DIR,0.92,0.95,1.13,1.03,0.93,1.08,0.8,0.96,0.86,1.12,0.99,0.99
AMN,INT,415,NEVP,Christian,Hill,2025,SC,1.18,0.95,0.99,1.19,0.93,0.91,0.86,1.02,0.81,1.08,1.01,1.11
BS,INT,415,Groupe EVP,Sara,Phillips,2025,ES,1.08,1.08,0.95,1.2,1.11,0.81,0.98,0.88,1.07,0.94,0.88,1.01
AMN,INT,508,Groupe EVP,Rose,Thomas,2025,OPN,0.89,0.93,1.05,1.16,0.99,1.15,1.11,1.04,1.15,1.07,1.07,0.93
BS,EXT,407,,Dennis,Munoz,2025,RDMF,0.87,1.07,1.08,0.94,1.11,0.98,1.19,0.89,1.05,1.17,1.03,1.04
BS,INT,415,Groupe EVP,Karen,Griffin,2025,EC,0.86,0.9,1.11,0.8,0.94,1.14,1.01,1.1,0.85,0.94,0.94,1.12
BS,EXT,407,,Amber,Alvarez,2025,DIR,1.05,1.14,1.2,1.1,1.12,0.98,1.03,0.93,1.17,1.2,1.07,1.13
BS,EXT,508,,Steven,Collins,2025,SC,1.01,0.94,1.18,1.0,0.86,0.95,0.83,0.99,1.19,0.89,0.86,1.03
AMN,EXT,415,,Michael,Baker,2025,EC,1.07,1.04,0.82,0.85,0.95,1.02,1.19,0.84,1.03,0.83,0.9,0.94
AMN,EXT,508,,Carl,Rose,2025,ES,1.04,0.94,0.9,0.9,1.07,1.06,0.86,0.84,0.85,1.02,0.83,0.85
BS,EXT,508,,Teresa,Garza,2025,EC,1.12,1.13,1.13,0.96,1.13,1.03,1.0,1.18,0.84,1.01,0.81,1.15
BS,EXT,415,,Kevin,Edwards,2025,SC,0.99,1.15,1.17,1.0,1.07,0.98,1.15,1.16,0.86,0.88,1.03,1.02
AMN,EXT,508,,Billy,Ward,2025,EC,1.13,1.19,1.18,0.91,1.19,0.94,0.87,0.91,0.94,1.14,0.9,0.98
AMN,INT,589,Groupe EVP,Jose,Scott,2025,EC,1.15,1.08,0.94,1.02,0.84,1.01,1.18,0.91,0.98,1.03,1.06,1.06
AMN,INT,508,EVP,Theresa,Hicks,2025,ES,1.06,0.81,1.1,1.02,1.1,0.9,0.93,0.94,1.18,1.12,1.12,0.87
BS,INT,407,Groupe EVP,Joshua,McDonald,2025,EC,1.0,0.87,1.08,0.85,1.04,0.85,1.2,1.09,0.96,1.18,0.82,0.82
BS,EXT,508,,Eugene,Jones,2025,SC,1.02,0.83,0.91,0.93,0.92,0.88,0.99,0.98,0.99,1.06,1.15,1.02
BS,INT,415,Groupe EVP,Wayne,Perez,2025,EC,1.06,1.05,0.87,0.94,0.98,1.01,0.95,1.18,0.84,0.96,1.12,1.13
AMN,EXT,589,,Nancy,Mason,2025,OPN,1.2,1.19,0.98,0.93,1.13,0.93,1.05,1.06,0.95,0.82,1.17,1.01
AMN,INT,407,NEVP,Patricia,Moreno,2025,EC,1.19,1.18,1.15,1.15,1.08,0.8,1.03,1.03,1.09,0.84,0.88,1.07
AMN,INT,407,Groupe EVP,George,McDonald,2025,OPN,1.19,0.88,0.86,1.07,0.85,1.11,1.01,0.96,0.89,0.93,1.06,0.9
AMN,EXT,415,,Stephanie,Dunn,2025,EC,1.0,1.1,0.9,0.98,0.97,0.96,1.13,0.81,0.93,0.88,1.17,0.93
BS,INT,508,EVP,Roger,Robertson,2025,RDMF,0.92,0.96,1.19,1.07,0.96,1.04,0.95,0.9,0.98,1.18,0.89,1.08
BS,INT,415,EVP,John,Smith,2025,EC,1.0,0.82,1.17,1.14,0.98,0.83,0.97,0.91,1.04,0.87,0.97,1.14
BS,INT,407,NEVP,Austin,Patel,2025,ES,1.13,0.84,0.85,1.11,1.03,0.86,0.88,0.87,0.97,0.97,0.98,0.83
AMN,EXT,589,,Michael,Jenkins,2025,RDMF,0.86,0.94,0.82,1.15,1.08,0.97,0.88,1.01,0.96,0.97,0.88,0.9
BS,INT,415,EVP,Angela,Baker,2025,DIR,1.05,1.15,0.88,0.88,0.94,0.93,1.04,1.19,0.99,0.81,0.81,0.9
BS,EXT,589,,Vincent,Washington,2025,SC,1.12,1.04,1.01,1.17,0.83,1.19,1.14,1.2,1.01,0.81,1.09,0.85
AMN,INT,508,EVP,Christine,Anderson,2025,RDMF,0.96,1.0,0.86,0.81,0.87,1.0,0.81,1.14,1.18,0.82,1.17,0.86
BS,EXT,407,,Walter,Castillo,2025,OPN,1.08,1.01,0.84,1.1,1.01,1.0,1.18,1.04,0.85,1.13,1.08,0.82
BS,INT,407,NEVP,Christian,Cooper,2025,EC,0.83,0.81,1.04,1.13,1.05,0.96,0.88,0.97,1.08,1.06,0.86,1.05
BS,EXT,407,,Samantha,Wood,2025,DIR,1.01,1.07,0.9,0.85,0.9,1.05,0.86,0.93,0.84,1.0,1.04,0.92
BS,EXT,589,,Jacob,Harris,2025,SC,0.92,1.04,1.12,1.06,1.17,1.14,0.83,0.96,0.97,0.92,1.15,0.82
AMN,INT,589,NEVP,Anthony,Anderson,2025,EC,1.07,0.97,1.15,1.09,0.97,1.09,1.03,0.8,1.1,1.07,1.15,0.93
BS,INT,407,NEVP,Mary,Ross,2025,RDMF,1.05,0.8,0.89,0.98,1.16,0.82,1.06,0.81,0.84,0.95,0.88,1.19
AMN,EXT,415,,Janice,Scott,2025,SC,1.07,1.07,1.16,0.84,1.08,0.83,0.88,0.85,1.03,1.11,1.0,0.96
AMN,EXT,589,,Amber,Fox,2025,SC,1.14,1.18,0.88,1.06,1.15,1.0,1.09,1.05,1.1,1.15,0.86,0.81
AMN,INT,589,EVP,Wayne,Parker,2025,OPN,1.05,0.87,1.03,1.13,0.96,0.83,0.96,1.06,1.1,0.82,0.86,1.07
BS,INT,589,EVP,Kayla,Reyes,2025,DIR,1.06,0.88,1.14,1.06,1.01,1.15,1.2,1.17,0.93,0.82,1.12,1.11
AMN,EXT,415,,Emily,Sanchez,2025,SC,1.1,0.89,0.84,0.85,0.92,1.07,0.95,0.94,0.94,1.05,1.17,0.87
AMN,INT,415,EVP,Terry,Martin,2025,DIR,0.89,0.84,0.86,0.98,0.92,0.89,1.05,1.02,1.0,1.04,0.9,0.99
BS,INT,415,Groupe EVP,Brittany,Ferguson,2025,SC,0.94,1.14,0.8,1.04,0.89,0.87,0.81,0.98,0.84,1.02,1.08,0.97
AMN,INT,407,EVP,Thomas,Meyer,2025,DIR,0.93,0.92,0.89,1.13,0.91,1.14,0.85,1.04,0.99,0.99,1.18,0.82
BS,INT,415,Groupe EVP,Kayla,Baker,2025,DIR,1.18,1.01,1.0,0.82,0.91,0.87,0.85,0.9,0.88,0.86,1.13,0.83
BS,INT,415,Groupe EVP,Janet,Garza,2025,OPN,1.18,1.08,1.17,0.88,0.98,1.04,1.01,0.84,1.12,1.1,1.06,1.01
AMN,INT,508,NEVP,Steven,Hill,2025,DIR,0.9,1.04,0.87,1.09,1.01,1.12,0.96,1.07,1.15,1.14,0.9,1.09
AMN,INT,589,NEVP,Albert,Phillips,2025,SC,0.88,1.02,1.08,1.12,0.87,1.13,1.01,0.94,0.95,0.98,0.89,1.11
AMN,INT,589,NEVP,Stephen,Romero,2025,RDMF,0.84,1.12,0.85,0.89,0.89,0.87,0.97,0.93,0.89,1.12,1.06,1.01
AMN,INT,415,NEVP,Frank,Snyder,2025,ES,0.82,0.88,0.97,1.0,1.07,1.04,1.07,0.92,1.18,0.92,0.93,1.04
AMN,INT,508,Groupe EVP,Katherine,Evans,2025,RDMF,1.0,0.96,0.97,1.04,1.19,0.96,1.0,1.0,0.8,1.06,0.99,1.15
BS,INT,415,Groupe EVP,Victoria,Phillips,2025,DIR,0.98,1.08,0.99,0.98,0.91,0.97,0.96,1.02,1.06,1.02,0.96,0.91
AMN,EXT,589,,Gary,Chen,2025,DIR,1.03,0.86,1.06,0.97,1.17,0.83,0.83,1.01,0.86,1.13,1.16,1.03
BS,INT,508,NEVP,Jacob,Gibson,2025,OPN,0.92,0.87,1.02,0.81,0.81,0.96,0.81,1.13,1.03,1.15,1.05,0.98
BS,INT,415,EVP,Laura,Turner,2025,SC,1.17,1.17,0.98,0.84,1.03,0.94,0.81,0.91,0.92,0.94,0.92,1.14
AMN,INT,589,EVP,Nathan,Ellis,2025,ES,0.86,1.14,1.05,0.88,1.11,0.93,0.84,1.17,1.16,1.2,1.18,0.86
AMN,EXT,508,,Mary,Gardner,2025,EC,0.93,1.13,0.89,1.11,0.88,0.96,0.84,0.95,0.98,0.99,0.84,0.81
AMN,INT,508,EVP,Katherine,Hawkins,2025,ES,0.83,0.85,0.82,0.92,0.82,1.01,1.11,1.11,1.04,1.12,1.12,0.87
AMN,EXT,589,,Shirley,Gibson,2025,OPN,1.08,1.16,0.87,0.96,1.1,0.95,1.03,1.06,1.1,1.02,0.85,0.92
AMN,EXT,589,,Cheryl,Walker,2025,OPN,1.16,0.86,0.94,0.83,1.17,1.12,1.02,0.93,1.16,0.98,0.84,1.11
AMN,EXT,589,,Sandra,Baker,2025,EC,1.08,1.04,0.9,1.07,0.8,1.18,0.99,1.15,0.99,1.11,1.09,0.91
BS,EXT,508,,Helen,Guzman,2025,DIR,0.99,0.87,0.87,0.9,1.07,1.11,1.05,1.13,0.83,0.93,1.03,1.09
AMN,EXT,407,,Brandon,Rice,2025,SC,1.16,1.2,0.83,1.08,1.04,1.19,0.99,0.96,1.04,1.17,0.9,1.08
BS,EXT,415,,Stephen,Marshall,2025,RDMF,1.1,1.09,0.82,1.06,0.95,1.08,1.05,1.15,1.05,1.1,0.96,0.92
AMN,EXT,508,,Raymond,Freeman,2025,RDMF,0.89,1.01,1.18,0.85,0.81,1.06,0.97,1.18,0.93,0.85,0.92,0.84
AMN,EXT,415,,Adam,Kennedy,2025,SC,0.89,1.02,0.83,1.0,0.98,0.85,1.15,1.05,1.02,1.09,1.06,1.15
AMN,EXT,407,,Jacob,Walker,2025,DIR,0.83,0.9,1.2,0.99,1.19,0.92,0.92,1.19,1.15,1.04,1.01,0.84
AMN,EXT,589,,Bryan,Baker,2025,RDMF,0.85,0.9,0.98,0.95,1.19,1.07,0.86,1.1,1.07,1.19,1.09,1.01
AMN,INT,508,Groupe EVP,Alexis,Ortiz,2025,OPN,1.11,1.13,0.95,1.09,1.17,0.91,0.84,1.18,1.19,0.81,1.17,0.9
AMN,EXT,415,,Brian,Fisher,2025,EC,1.13,1.18,1.08,1.16,1.19,0.9,0.84,1.19,1.14,1.13,1.13,1.18
BS,EXT,415,,Joseph,Phillips,2025,ES,1.0,1.15,0.82,0.88,1.08,1.15,0.98,1.12,1.03,0.81,1.01,0.93
BS,EXT,508,,Theresa,Reed,2025,DIR,1.09,0.82,0.87,1.05,1.17,1.17,1.19,0.97,1.13,1.19,1.15,0.92
BS,INT,589,EVP,Judy,Torres,2025,RDMF,0.94,1.0,0.92,1.03,1.0,0.81,0.99,0.89,0.87,0.83,1.04,1.19
BS,INT,407,NEVP,Martha,Murray,2025,SC,0.82,1.05,1.12,1.19,1.09,0.91,0.92,0.92,1.0,1.07,1.11,1.09
BS,EXT,415,,Jason,Ford,2025,RDMF,1.0,0.97,0.8,0.85,0.84,1.06,0.82,0.81,0.84,1.05,1.03,1.0
BS,INT,508,Groupe EVP,Nathan,Hayes,2025,RDMF,0.83,1.18,1.18,0.87,0.81,1.13,0.81,0.95,1.18,1.09,1.07,0.87
AMN,EXT,589,,Christian,Brooks,2025,ES,1.06,1.0,0.93,1.17,0.93,0.89,0.99,1.2,0.81,1.02,0.99,1.17
BS,EXT,407,,Matthew,Schmidt,2025,SC,1.16,1.01,1.12,1.14,1.05,0.91,1.09,1.16,1.17,0.84,0.86,0.93
AMN,EXT,589,,Robert,Porter,2025,RDMF,1.12,0.91,1.17,0.8,0.84,1.0,0.87,0.9,1.0,1.2,1.14,1.1
AMN,EXT,407,,Abigail,Castro,2025,ES,0.85,1.19,0.91,1.06,1.09,0.82,1.08,0.83,1.07,0.88,0.82,1.13
AMN,EXT,415,,Virginia,Kelly,2025,EC,0.84,1.13,1.16,1.07,1.03,0.86,0.98,1.19,0.93,0.8,0.96,0.82
AMN,EXT,508,,Janice,Bryant,2025,ES,1.15,1.13,0.88,1.05,0.92,0.92,0.91,0.93,1.13,0.93,1.01,0.92
BS,INT,415,EVP,Samuel,Romero,2025,ES,1.19,1.1,1.02,1.16,1.2,1.02,0.92,1.15,1.18,1.06,1.13,1.02
AMN,EXT,415,,Ralph,Johnson,2025,OPN,1.11,0.81,1.02,1.17,1.17,1.11,0.89,1.05,0.95,1.16,0.88,0.95
BS,INT,407,EVP,Cynthia,Turner,2025,ES,0.99,1.15,0.86,0.86,1.02,1.08,1.1,1.13,0.85,0.85,0.93,0.99
AMN,INT,508,NEVP,Jeremy,Porter,2025,RDMF,1.13,0.98,1.06,1.09,1.17,1.07,0.85,0.95,1.02,1.08,1.13,0.87
AMN,INT,407,NEVP,Diana,Gordon,2025,ES,0.81,0.92,1.05,1.16,0.9,1.09,1.16,1.15,1.0,0.9,1.08,1.16
BS,INT,508,NEVP,Roy,Ford,2025,DIR,0.95,0.94,1.03,1.12,0.92,0.85,0.84,1.18,1.03,0.99,1.1,0.96
AMN,EXT,415,,Ruth,Anderson,2025,EC,1.19,1.05,0.98,0.88,0.83,0.81,0.93,0.8,1.13,1.12,0.81,0.82
BS,EXT,407,,Louis,Lewis,2025,OPN,0.95,1.08,0.87,0.98,0.81,1.19,0.81,1.07,0.95,1.02,1.04,0.83
BS,INT,508,Groupe EVP,Isabella,Salazar,2025,RDMF,1.11,0.99,1.03,1.12,0.87,0.85,0.81,0.97,1.14,1.16,1.07,1.11
BS,EXT,407,,Lawrence,Price,2025,SC,0.92,1.11,0.87,0.98,1.0,0.91,0.94,0.95,1.01,0.87,1.03,0.89
BS,INT,415,Groupe EVP,Diane,Miller,2025,EC,0.96,1.12,1.12,0.92,0.83,0.88,1.13,1.07,0.84,1.13,1.11,0.91
AMN,INT,407,Groupe EVP,Noah,Sullivan,2025,EC,0.97,0.99,0.85,0.91,1.19,0.88,1.13,1.06,1.06,1.15,1.19,1.19
AMN,INT,508,Groupe EVP,Daniel,Wallace,2025,EC,1.14,0.82,1.15,1.01,1.04,1.03,1.18,1.02,0.9,1.07,0.97,0.93
BS,EXT,508,,Terry,Bailey,2025,RDMF,1.07,1.15,1.16,0.9,0.87,0.86,1.02,1.15,0.84,0.87,1.1,1.13
AMN,EXT,589,,Austin,Mills,2025,EC,1.08,0.9,1.0,1.01,1.04,0.81,0.94,0.95,0.99,0.98,1.18,0.87
BS,INT,415,NEVP,Nathan,Gonzales,2025,SC,0.93,0.95,0.81,1.13,0.96,1.07,0.94,1.09,1.16,0.82,0.95,0.93
AMN,INT,508,Groupe EVP,Sara,Martin,2025,DIR,1.15,1.04,1.15,0.99,1.08,1.01,1.03,1.06,1.1,1.17,0.89,0.95
AMN,INT,508,Groupe EVP,Sara,Garza,2025,OPN,1.04,1.15,1.17,0.86,0.91,0.88,0.88,1.02,1.07,0.96,1.06,1.12
AMN,INT,508,NEVP,Jessica,Castro,2025,ES,1.06,0.87,1.02,0.91,1.09,1.0,1.17,1.1,1.04,1.06,1.0,1.08
BS,INT,415,Groupe EVP,Kyle,Webb,2025,SC,1.17,1.15,1.05,0.81,1.15,1.1,0.95,0.83,0.97,1.08,0.86,0.99
AMN,INT,415,NEVP,Vincent,Rose,2025,EC,0.9,0.85,1.14,0.86,1.17,1.13,0.96,1.18,0.91,1.04,1.16,0.8
BS,INT,415,EVP,Alice,Harrison,2025,ES,1.05,0.8,1.08,1.08,1.11,0.97,0.86,0.96,1.02,1.01,0.98,1.03
AMN,EXT,508,,Sandra,Wood,2025,SC,0.99,0.82,1.11,0.92,0.84,0.81,1.19,0.87,1.11,0.99,1.2,0.93
AMN,EXT,589,,Kyle,Olson,2025,SC,1.09,0.97,0.97,0.83,0.89,1.14,0.83,1.17,0.81,1.03,0.96,1.03
AMN,INT,589,NEVP,Lisa,Robertson,2025,DIR,1.14,0.87,1.15,1.11,1.18,0.81,1.06,1.13,1.0,0.86,0.85,1.11
AMN,INT,589,NEVP,Danielle,Alvarez,2025,OPN,1.17,0.93,0.92,0.87,1.09,1.1,1.15,1.08,1.18,1.02,1.03,1.07
BS,INT,508,NEVP,Joe,Anderson,2025,ES,0.81,0.9,0.87,0.99,0.93,1.06,0.85,0.83,0.87,1.0,0.89,0.97
AMN,INT,589,EVP,Anna,Dixon,2025,EC,1.09,1.0,0.86,1.03,1.11,0.83,1.02,1.02,0.9,0.99,0.96,0.89
AMN,EXT,589,,Jeremy,Daniels,2025,SC,1.01,1.09,1.14,1.11,1.09,1.12,0.92,1.17,1.04,0.9,0.88,1.12
BS,INT,415,Groupe EVP,Brenda,Boyd,2025,EC,1.19,0.99,1.12,1.07,0.82,1.17,0.98,0.97,0.8,1.2,1.17,1.03
AMN,EXT,415,,Eric,Phillips,2025,OPN,1.11,0.85,1.16,0.95,0.88,1.12,0.91,1.12,0.84,0.82,0.82,1.0
AMN,INT,415,NEVP,Olivia,Patterson,2025,RDMF,0.86,0.95,0.95,0.82,0.82,1.09,0.92,1.2,0.86,1.03,1.07,0.97
AMN,INT,589,EVP,Christian,Kelly,2025,SC,1.08,1.04,0.81,1.01,0.83,0.84,1.08,0.93,1.0,1.11,0.87,1.11
BS,INT,508,EVP,Bobby,Lee,2025,ES,0.89,1.04,0.96,1.14,1.09,0.82,0.92,1.19,0.96,1.14,0.9,0.89
AMN,EXT,407,,Aaron,Hughes,2025,SC,0.87,1.06,0.88,0.83,0.96,1.04,0.89,0.89,0.98,1.02,0.94,0.97
BS,EXT,407,,Emily,Thomas,2025,OPN,1.13,1.19,0.94,1.06,1.03,0.88,1.11,0.95,1.03,1.17,1.1,0.91
AMN,EXT,589,,Pamela,Ryan,2025,EC,0.99,0.81,1.18,1.1,0.89,1.15,0.82,1.03,1.16,1.15,0.85,0.85
BS,INT,407,NEVP,Logan,James,2025,OPN,0.98,1.12,0.86,0.99,1.19,0.95,0.84,1.16,1.04,0.88,1.11,0.89
AMN,EXT,407,,Margaret,Jimenez,2025,DIR,0.87,1.13,1.1,1.12,0.92,1.17,1.07,1.02,1.19,0.93,1.14,0.97
BS,INT,589,EVP,George,Robinson,2025,DIR,1.16,1.03,1.06,1.15,1.07,0.94,0.9,0.89,0.92,1.02,0.84,1.16
BS,INT,508,NEVP,Shirley,Watson,2025,DIR,0.89,1.12,1.07,1.16,0.83,0.88,1.07,1.1,1.18,0.91,0.88,1.07
AMN,EXT,508,,Diane,Alvarez,2025,OPN,1.2,0.93,1.02,0.97,1.13,0.8,1.17,1.01,0.86,0.82,0.97,1.04
BS,EXT,508,,Madison,Morris,2025,SC,0.9,0.8,0.99,0.82,0.98,1.19,1.0,1.16,1.0,0.83,0.86,1.18
AMN,INT,415,NEVP,Michelle,Woods,2025,OPN,1.02,1.18,0.86,0.84,0.84,0.85,1.1,0.88,1.12,0.97,1.11,1.09
AMN,EXT,415,,Bobby,Porter,2025,ES,1.08,0.94,0.87,0.89,0.84,1.07,0.85,1.01,0.85,1.15,0.86,1.03
AMN,INT,589,Groupe EVP,Cynthia,Patterson,2025,EC,0.81,0.98,1.03,0.9,1.03,1.11,1.16,1.16,1.19,0.93,1.13,0.91
BS,EXT,407,,Walter,Hamilton,2025,RDMF,0.94,0.85,1.06,0.98,1.06,0.98,0.85,1.15,1.0,1.15,1.03,0.85
BS,INT,415,EVP,Frances,Nelson,2025,OPN,1.11,1.01,0.85,1.17,0.89,1.11,0.98,0.91,1.12,1.19,0.88,0.98
BS,EXT,508,,Nicholas,Morgan,2025,OPN,1.01,0.88,1.11,0.96,1.13,1.01,0.82,1.17,0.87,0.91,0.98,1.1
AMN,EXT,508,,Marie,Ross,2025,OPN,1.06,0.84,0.98,1.06,0.82,0.89,0.9,1.15,1.09,0.92,1.05,1.2
AMN,EXT,407,,Frank,Aguilar,2025,EC,0.84,0.87,0.9,0.85,0.83,1.12,0.82,0.85,1.0,1.1,1.02,1.03
BS,INT,407,Groupe EVP,Anna,Freeman,2025,SC,0.86,1.19,1.01,0.89,1.14,1.14,1.2,0.99,1.14,1.01,0.81,1.19
BS,EXT,508,,Keith,Nichols,2025,OPN,1.18,1.03,0.89,0.94,1.01,1.18,0.84,0.9,0.98,1.03,1.03,1.05
AMN,EXT,415,,Gloria,Rivera,2025,EC,0.92,1.1,0.95,1.0,0.91,0.99,0.97,0.83,0.95,0.98,1.08,1.06
BS,EXT,407,,Walter,Woods,2025,OPN,1.0,1.16,0.82,1.03,1.17,1.05,1.19,0.98,1.04,1.08,1.2,0.89
BS,INT,415,NEVP,Larry,Ruiz,2025,ES,1.16,0.99,0.82,1.08,0.87,0.98,0.82,0.97,1.05,0.84,1.09,0.81
AMN,EXT,589,,Patrick,Roberts,2025,EC,1.03,1.07,0.91,1.16,1.1,1.19,0.91,0.88,1.18,1.08,1.17,1.09
AMN,EXT,508,,Grace,Thompson,2025,ES,1.0,1.18,0.88,0.86,1.16,0.97,1.16,0.81,1.15,0.87,1.19,1.02
BS,EXT,407,,Donald,Jackson,2025,SC,1.13,1.11,1.12,1.05,0.98,1.07,1.18,1.08,1.06,0.99,0.84,1.1
AMN,EXT,415,,Susan,James,2025,SC,0.84,0.95,0.99,0.83,0.96,0.96,0.85,0.85,0.88,0.85,0.84,0.92
BS,EXT,508,,Philip,Griffin,2025,SC,1.14,1.01,1.05,0.85,1.12,0.93,1.12,1.04,0.99,0.99,1.01,1.04
BS,EXT,508,,Doris,Snyder,2025,ES,1.18,1.03,1.19,0.87,1.14,1.08,0.98,0.92,1.11,1.15,1.04,0.82
AMN,INT,415,Groupe EVP,Beverly,Romero,2025,ES,1.08,1.11,1.0,1.16,1.01,0.97,0.83,0.96,1.1,0.84,0.87,0.82
BS,EXT,589,,Vincent,Bailey,2025,DIR,1.16,0.97,1.11,0.87,0.84,0.98,0.92,0.83,0.93,0.92,1.06,0.99
BS,EXT,508,,Randy,Porter,2025,OPN,1.01,1.03,1.02,0.8,1.0,1.07,1.11,1.09,0.89,1.16,1.1,1.07
BS,EXT,415,,Randy,Dixon,2025,RDMF,1.17,1.0,1.17,1.17,1.03,0.87,0.81,1.14,1.15,0.85,0.89,1.17
BS,INT,508,NEVP,Jesse,Graham,2025,SC,0.89,1.0,1.06,0.9,0.94,0.95,1.12,0.92,0.94,0.84,1.02,0.95
AMN,EXT,407,,Dylan,Payne,2025,SC,0.89,1.02,1.1,0.88,1.04,1.05,0.93,1.13,0.87,0.85,1.02,1.09
AMN,INT,415,Groupe EVP,Jack,Alexander,2025,ES,0.91,1.08,0.82,0.95,1.0,0.89,1.18,1.19,1.01,0.87,0.81,1.1
BS,EXT,415,,Carolyn,Gutierrez,2025,ES,0.92,0.81,0.96,0.98,0.88,1.05,0.96,0.81,1.09,0.86,1.1,1.13
AMN,EXT,508,,Jordan,Patel,2025,OPN,0.85,1.15,0.84,1.18,1.16,0.91,0.91,1.03,0.87,1.09,1.18,0.8
AMN,INT,508,Groupe EVP,Joyce,Patel,2025,OPN,1.12,0.99,0.92,1.05,0.87,0.91,1.15,1.0,0.86,1.04,0.84,1.08
AMN,INT,508,NEVP,Jean,Gardner,2025,RDMF,1.03,1.09,0.9,0.84,0.81,0.81,1.1,0.91,1.13,1.16,1.15,1.12
BS,INT,589,Groupe EVP,Brenda,Lee,2025,ES,0.9,0.81,0.8,1.19,0.89,0.92,0.92,1.1,0.97,1.03,1.08,0.91
BS,INT,407,NEVP,Rachel,Ryan,2025,ES,0.94,1.12,0.88,0.96,1.12,0.99,1.02,0.89,0.95,0.95,0.88,0.92
BS,INT,589,EVP,Alexis,Wright,2025,SC,0.81,1.13,0.95,1.16,0.95,1.19,0.84,0.85,1.08,1.01,0.89,1.12
AMN,INT,589,Groupe EVP,Raymond,Aguilar,2025,EC,1.19,1.0,1.15,1.05,1.13,0.88,0.95,1.03,1.11,1.02,1.04,0.8
AMN,EXT,407,,Rachel,Bryant,2025,RDMF,1.01,1.05,1.12,1.17,1.07,1.06,0.86,1.11,0.93,0.98,0.93,0.83
AMN,INT,415,EVP,Deborah,Jenkins,2025,RDMF,0.87,1.17,1.1,1.16,1.03,1.02,0.98,0.84,0.91,1.05,1.14,1.03
BS,EXT,407,,Gerald,Ford,2025,EC,0.91,1.11,1.08,1.03,0.87,0.8,0.9,1.12,1.11,1.18,1.19,0.83
AMN,INT,589,EVP,Harold,Morris,2025,ES,1.18,0.93,1.13,0.97,1.17,1.16,1.07,1.03,0.95,1.04,0.83,1.1
BS,INT,415,Groupe EVP,Douglas,Murray,2025,SC,1.0,1.19,1.14,1.05,0.85,1.04,1.0,1.13,0.83,0.99,0.86,1.0
AMN,EXT,508,,Laura,Vargas,2025,DIR,0.83,0.94,0.89,0.88,1.0,1.03,0.89,0.85,0.8,0.87,1.06,1.01
BS,INT,415,Groupe EVP,Arthur,Porter,2025,OPN,1.17,1.0,0.87,0.93,1.12,1.16,0.91,1.14,1.04,1.02,0.94,0.95
BS,EXT,415,,Virginia,Harris,2025,RDMF,1.18,0.81,0.98,0.95,1.02,1.08,0.82,0.96,1.02,0.86,1.14,1.14
AMN,INT,508,Groupe EVP,Kenneth,Turner,2025,ES,1.04,0.85,1.05,0.87,0.82,1.05,0.84,1.11,0.82,0.99,0.9,1.14
BS,INT,508,EVP,Justin,Phillips,2025,EC,1.19,1.04,0.87,1.04,0.88,0.88,1.13,1.11,0.91,0.96,1.08,1.18
BS,INT,508,EVP,Judy,Silva,2025,SC,1.19,1.17,0.85,1.01,0.82,0.97,0.99,1.05,1.06,0.94,1.03,1.14
AMN,INT,407,NEVP,Walter,Kim,2025,OPN,0.98,1.0,1.13,1.02,1.15,0.9,0.81,1.0,1.11,1.1,0.98,0.87
AMN,EXT,407,,Laura,Mendez,2025,OPN,1.19,1.14,1.17,0.97,0.94,0.88,0.82,0.82,0.92,1.2,1.17,1.06
BS,EXT,589,,Kenneth,McDonald,2025,RDMF,1.05,1.11,1.18,1.17,1.18,1.2,1.06,1.1,1.06,0.93,0.96,0.96
AMN,INT,508,EVP,Cheryl,Perry,2025,ES,0.81,1.2,0.95,0.86,0.97,0.87,1.18,0.92,0.83,1.01,1.13,1.15
AMN,INT,589,NEVP,Timothy,Herrera,2025,EC,1.08,1.04,0.96,0.95,0.95,1.19,0.95,0.94,0.93,0.82,0.95,1.04
BS,EXT,415,,Carolyn,Griffin,2025,ES,0.91,0.96,1.08,0.84,0.93,0.97,1.09,1.16,1.11,1.1,0.94,1.08
AMN,INT,407,Groupe EVP,Jose,Morales,2025,EC,0.81,0.91,1.09,0.89,1.04,0.92,0.83,1.01,0.98,1.02,1.13,1.09
BS,EXT,508,,Cynthia,Tran,2025,EC,0.86,1.14,1.12,0.84,1.12,1.02,0.85,0.9,1.17,1.19,0.92,0.89
BS,EXT,508,,Emma,King,2025,SC,0.94,0.82,1.17,0.97,0.9,1.1,1.2,0.97,0.93,1.03,1.16,0.81
BS,EXT,407,,Jacqueline,Hall,2025,SC,1.11,0.82,0.93,0.91,1.1,1.13,1.14,1.14,0.83,1.14,1.08,1.05
AMN,INT,508,EVP,David,Robertson,2025,EC,0.95,1.18,0.88,0.88,1.15,1.13,0.95,1.16,0.85,1.12,1.19,1.04
AMN,INT,508,Groupe EVP,Alan,Watson,2025,RDMF,1.08,0.84,1.01,1.02,0.89,1.1,0.87,1.16,0.91,1.19,1.05,0.88
BS,INT,508,NEVP,Martha,Brown,2025,OPN,0.9,1.19,0.93,0.87,0.93,1.09,0.99,0.82,0.82,0.88,0.9,0.94
BS,INT,407,Groupe EVP,Juan,Clark,2025,EC,0.82,1.05,1.15,1.09,0.83,1.08,1.0,1.15,0.96,1.01,1.15,0.95
BS,EXT,508,,Amy,Brown,2025,EC,1.01,1.02,0.93,0.89,1.03,0.82,0.92,0.98,0.82,1.05,0.86,0.92
AMN,INT,589,NEVP,Emily,Smith,2025,OPN,0.9,0.91,1.14,1.0,1.1,0.84,1.13,0.99,1.01,0.95,0.99,0.96
AMN,EXT,407,,Jessica,Cooper,2025,OPN,0.92,1.17,1.14,0.89,0.84,0.97,1.12,1.1,1.01,0.99,1.09,1.2
AMN,INT,415,NEVP,Donna,Foster,2025,DIR,0.88,0.99,1.02,0.83,0.87,1.06,0.93,0.81,0.99,1.12,1.1,0.9
AMN,INT,415,NEVP,Edward,Garza,2025,SC,0.97,0.99,0.83,1.19,1.18,1.06,0.94,1.08,0.95,1.08,0.9,1.07
BS,EXT,407,,Paul,Russell,2025,OPN,1.07,1.02,0.9,1.03,0.81,0.93,0.9,1.09,1.06,1.12,1.08,0.89
BS,EXT,415,,Bryan,Hawkins,2025,ES,1.01,1.02,0.87,0.86,0.9,0.84,1.14,0.86,1.2,0.89,0.94,0.88
BS,INT,589,Groupe EVP,Willie,Shaw,2025,EC,0.98,0.83,1.08,0.97,0.91,0.96,0.84,1.2,0.81,1.01,0.83,0.81
AMN,EXT,589,,Mark,Munoz,2025,SC,1.12,0.81,0.95,1.11,1.15,1.16,1.17,1.04,0.88,1.04,0.95,0.89
AMN,EXT,589,,Linda,Schmidt,2025,OPN,1.13,0.9,0.91,1.16,0.88,0.86,0.99,0.97,0.85,1.05,1.15,1.02
AMN,INT,407,NEVP,Martha,Washington,2025,OPN,1.06,1.0,1.16,0.86,0.93,0.93,0.8,1.19,0.81,0.91,1.12,1.19
BS,EXT,415,,Frances,Richardson,2025,ES,0.96,1.18,1.18,1.03,1.0,1.06,0.83,0.87,0.88,1.05,0.83,0.89
AMN,EXT,508,,Brenda,Brown,2025,EC,1.01,1.05,0.95,0.97,0.95,0.83,0.87,1.06,1.2,0.91,1.1,1.16
BS,EXT,508,,Robert,Powell,2025,EC,0.96,0.87,1.14,1.16,0.98,0.91,0.85,1.09,0.93,1.06,1.0,0.97
AMN,EXT,508,,Marilyn,Burns,2025,ES,0.98,1.06,1.02,1.05,1.09,1.16,0.94,0.87,0.85,1.04,1.0,1.07
AMN,INT,407,NEVP,Keith,Jenkins,2025,SC,1.15,0.91,0.94,0.87,1.05,0.95,0.85,0.84,1.05,0.93,1.07,1.08
AMN,EXT,407,,Rachel,Aguilar,2025,RDMF,1.04,0.82,1.0,1.19,1.2,0.93,1.17,1.0,1.01,0.84,1.06,1.17
AMN,INT,589,EVP,Shirley,Myers,2025,ES,0.88,1.1,1.05,0.83,1.05,1.05,1.15,0.9,1.01,0.83,1.08,1.19
AMN,EXT,415,,Beverly,Vasquez,2025,SC,0.93,0.81,1.06,0.88,1.19,0.91,1.11,0.83,0.8,0.98,1.17,1.19
BS,EXT,415,,Angela,Kim,2025,RDMF,1.18,0.84,1.19,1.08,1.02,1.11,1.04,0.83,0.84,0.95,0.87,0.92
BS,INT,508,NEVP,Linda,Adams,2025,OPN,0.96,0.87,1.12,1.14,0.97,1.19,1.0,0.91,1.07,1.12,0.82,1.14
AMN,EXT,589,,Barbara,Mason,2025,EC,1.15,0.8,1.19,1.14,1.15,1.17,0.82,1.08,0.99,0.99,1.1,0.95
AMN,EXT,589,,Hannah,Martinez,2025,DIR,0.89,1.11,1.0,1.02,1.05,0.99,0.88,1.09,1.2,1.08,0.84,1.1
BS,EXT,415,,Frances,Shaw,2025,RDMF,0.89,1.0,1.06,0.9,0.97,1.1,1.08,0.82,1.07,1.13,1.12,0.88
BS,EXT,407,,Rachel,Chavez,2025,DIR,1.1,0.96,1.01,1.19,0.93,0.96,0.84,0.98,1.04,1.14,1.1,0.9
AMN,EXT,415,,Sandra,Nelson,2025,OPN,0.84,0.97,1.1,1.04,1.06,1.2,0.8,0.84,0.99,1.07,1.1,0.87
BS,INT,407,NEVP,Jonathan,Stewart,2025,SC,1.09,1.17,1.2,1.1,0.87,1.12,1.15,0.91,1.1,1.08,1.04,0.95
BS,INT,415,NEVP,Ronald,Russell,2025,ES,0.81,1.12,1.15,1.11,1.08,0.83,1.01,1.04,0.95,0.97,1.17,0.98
AMN,EXT,508,,Isabella,Martin,2025,EC,0.81,1.08,1.05,0.96,0.96,1.15,1.07,0.91,0.84,1.09,0.82,1.02
AMN,INT,589,NEVP,Ronald,Russell,2025,OPN,1.08,0.83,0.9,0.99,0.9,0.81,1.15,0.96,1.08,0.89,0.91,1.01
AMN,EXT,508,,Kelly,Clark,2025,DIR,1.16,1.02,0.81,1.19,0.89,1.0,1.13,1.14,1.0,0.91,0.89,1.07
AMN,EXT,415,,Brenda,Black,2025,DIR,0.91,0.8,0.81,1.08,1.19,0.9,0.98,1.04,1.05,0.82,1.1,1.07
AMN,INT,407,Groupe EVP,Deborah,Watson,2025,ES,1.06,0.89,1.0,0.96,1.01,0.9,1.12,0.8,0.92,1.03,1.16,1.09
BS,INT,415,NEVP,Ryan,Alexander,2025,ES,1.14,0.82,1.15,1.16,0.95,0.9,1.13,0.86,0.88,0.93,1.14,1.1
BS,INT,407,EVP,Sean,Herrera,2025,EC,1.01,1.16,1.03,1.12,0.99,0.87,0.84,0.87,1.1,0.96,1.04,1.16
BS,EXT,508,,Rebecca,Shaw,2025,RDMF,0.8,0.99,1.18,1.17,1.0,0.86,1.05,1.1,0.86,1.02,0.83,1.05
AMN,EXT,407,,Eugene,Morgan,2025,OPN,0.99,1.0,1.03,1.04,0.91,1.03,1.14,1.1,1.15,1.1,1.11,0.85
BS,INT,415,NEVP,Abigail,Stephens,2025,ES,1.19,0.98,1.19,0.83,0.89,0.86,1.1,0.85,0.95,1.14,0.88,1.04
AMN,INT,589,NEVP,Joyce,Watson,2025,DIR,0.96,0.94,0.91,0.85,0.87,1.0,1.08,1.12,0.87,1.2,1.09,0.87
AMN,INT,407,Groupe EVP,Mary,Morgan,2025,OPN,1.02,0.9,1.09,0.89,0.87,0.99,1.05,1.04,0.96,1.0,1.17,1.03
AMN,EXT,589,,Sharon,Gardner,2025,DIR,1.15,0.94,0.96,1.06,1.07,0.8,1.01,1.2,1.02,0.99,1.14,1.01
AMN,INT,415,NEVP,Justin,Bell,2025,OPN,0.93,1.01,1.11,0.83,0.91,0.87,0.97,1.16,1.03,0.91,1.1,1.18
AMN,EXT,407,,Raymond,Butler,2025,DIR,1.11,1.03,1.19,1.16,1.15,1.13,0.82,1.13,1.19,1.04,0.82,0.96
AMN,INT,415,EVP,Noah,Green,2025,SC,1.02,0.91,1.08,0.92,1.06,0.85,1.07,1.16,0.82,1.03,0.97,0.89
AMN,INT,407,Groupe EVP,Emma,Mitchell,2025,SC,0.93,1.13,0.82,0.86,1.08,1.18,1.05,0.92,1.07,0.96,1.06,0.82
AMN,EXT,415,,Laura,Morris,2025,DIR,0.8,0.86,1.18,0.82,0.94,1.06,0.94,0.92,1.15,0.97,0.93,0.92
AMN,EXT,589,,Jeffrey,Scott,2025,RDMF,1.14,0.85,0.8,1.09,0.94,0.98,0.85,1.04,1.03,1.01,1.13,0.84
AMN,INT,508,Groupe EVP,Nathan,Stone,2025,DIR,1.13,0.9,0.96,0.83,0.95,0.81,0.96,1.07,1.09,1.04,1.12,1.07
AMN,INT,508,EVP,Billy,White,2025,SC,1.14,0.85,1.19,1.14,1.08,0.96,1.04,0.96,0.99,0.95,1.0,0.96
BS,EXT,415,,Richard,Cook,2025,ES,1.01,1.02,0.85,0.9,0.93,1.09,0.85,1.15,1.16,0.81,1.09,1.17
BS,EXT,415,,Justin,Porter,2025,OPN,0.91,0.86,1.09,0.8,0.96,1.12,0.99,1.08,0.83,1.14,0.92,1.03
BS,EXT,589,,Katherine,Patterson,2025,DIR,1.14,0.84,0.88,1.16,0.9,0.92,0.88,0.86,0.98,0.97,1.07,1.1
AMN,EXT,407,,Donald,Black,2025,EC,1.09,0.84,0.92,1.05,1.02,0.81,0.83,1.16,0.87,1.0,0.92,1.02
BS,INT,508,Groupe EVP,Judy,Allen,2025,ES,0.98,1.08,0.91,1.0,0.89,0.81,1.1,1.11,0.97,0.83,0.97,0.98
AMN,EXT,407,,Alan,Simpson,2025,SC,1.16,0.86,1.0,1.17,1.13,1.18,0.85,0.9,1.08,0.86,0.97,1.06
BS,EXT,415,,Charles,Vasquez,2025,DIR,1.05,0.88,1.03,0.81,0.81,1.1,0.93,1.18,0.83,1.13,1.0,1.0
AMN,EXT,508,,Frank,Dixon,2025,ES,0.89,0.96,0.95,1.01,1.03,0.82,1.14,0.94,0.83,0.85,0.86,0.97
AMN,EXT,415,,Janet,Hughes,2025,ES,0.83,0.93,1.15,0.85,0.82,1.04,0.89,0.96,1.08,0.83,0.94,0.89
BS,INT,589,Groupe EVP,Barbara,Ward,2025,DIR,1.19,0.8,0.83,1.02,0.86,0.95,0.92,0.81,1.2,0.82,1.08,0.85
AMN,INT,589,EVP,Anthony,Perry,2025,RDMF,0.83,0.9,1.11,1.0,1.16,0.83,1.01,0.93,1.01,0.86,1.09,0.97
BS,INT,589,NEVP,Madison,Collins,2025,RDMF,1.03,0.97,0.87,0.92,1.11,1.02,0.97,1.15,0.95,0.91,0.97,0.87
AMN,INT,415,NEVP,Kyle,Morales,2025,ES,1.02,0.93,1.17,0.9,1.13,1.17,0.82,1.18,1.14,0.87,0.82,0.81
BS,EXT,508,,Gloria,Weaver,2025,ES,1.16,0.81,1.2,0.9,0.9,1.08,0.94,0.99,0.87,0.99,0.98,0.91
BS,EXT,589,,Wayne,Miller,2025,ES,1.12,1.09,1.17,0.97,1.07,0.8,1.1,1.1,1.14,0.84,1.19,0.87
AMN,EXT,508,,Helen,Martinez,2025,SC,0.85,0.87,1.1,1.02,0.83,1.18,1.03,1.1,1.0,1.03,0.9,1.12
BS,INT,407,Groupe EVP,Adam,Cruz,2025,ES,0.99,1.16,1.15,1.07,0.85,1.03,0.83,0.86,0.82,1.17,1.13,0.98
AMN,INT,508,Groupe EVP,Willie,Bell,2025,RDMF,0.85,1.06,0.92,0.99,1.09,0.92,1.14,0.86,0.95,1.1,1.19,1.12
AMN,INT,407,EVP,Vincent,Wright,2025,EC,0.97,0.93,0.98,0.83,0.93,0.93,0.99,0.92,1.02,1.07,0.99,0.93
AMN,INT,589,NEVP,Tyler,Burns,2025,OPN,0.9,0.84,0.96,1.14,1.1,1.18,0.98,0.9,0.95,1.19,0.83,0.83
AMN,EXT,415,,Edward,Watson,2025,DIR,1.1,0.84,0.95,1.05,0.87,0.9,0.92,1.08,0.86,1.03,0.84,1.02
BS,INT,589,Groupe EVP,Brandon,Vasquez,2025,DIR,0.81,1.04,1.19,1.09,0.81,1.15,0.88,1.13,1.08,1.04,0.9,1.05
AMN,EXT,508,,Heather,Garza,2025,OPN,0.82,1.13,1.15,1.16,0.98,0.98,1.09,0.83,1.12,0.8,1.12,0.85
AMN,EXT,589,,Jennifer,Patel,2025,OPN,1.08,1.09,0.83,1.09,1.05,0.97,0.93,1.08,1.18,1.16,1.07,1.02
AMN,EXT,407,,Joyce,Ellis,2025,EC,1.01,1.01,1.2,0.93,1.01,0.82,1.04,1.03,1.15,1.1,0.92,1.1
AMN,EXT,407,,Abigail,Tran,2025,EC,0.99,1.04,1.15,0.81,0.84,0.97,1.03,1.09,0.96,1.15,0.93,0.92
BS,INT,407,NEVP,Brenda,Torres,2025,ES,0.94,0.82,1.03,1.17,1.04,1.17,0.89,0.98,0.81,0.98,0.92,0.96
BS,INT,415,EVP,Danielle,Watson,2025,RDMF,1.16,0.84,1.1,1.07,0.92,1.12,0.88,0.85,1.11,0.87,0.81,1.13
BS,INT,589,NEVP,Stephanie,Ward,2025,OPN,0.84,0.9,0.89,1.11,0.97,1.03,1.15,1.18,1.01,1.14,0.87,0.96
BS,INT,508,NEVP,Ralph,Rodriguez,2025,OPN,1.0,1.02,0.99,1.08,1.19,1.01,1.17,0.84,1.1,1.07,0.83,0.94
BS,INT,415,NEVP,Amber,Edwards,2025,EC,0.89,0.97,0.91,0.89,0.85,1.13,0.97,1.15,1.03,1.01,0.92,0.88
BS,INT,508,NEVP,Ronald,Holmes,2025,EC,0.81,1.07,0.87,1.01,0.92,0.84,0.83,1.04,1.11,1.02,0.88,1.14
BS,EXT,589,,Jose,Gibson,2025,DIR,0.94,1.11,1.03,1.08,0.96,1.13,0.8,1.08,1.0,0.96,1.17,1.1
BS,INT,415,NEVP,Logan,James,2025,ES,1.02,1.14,1.15,0.92,1.05,1.07,1.06,0.82,0.86,0.89,1.15,1.07
BS,EXT,589,,Jerry,Ferguson,2025,SC,1.0,0.81,1.05,1.07,0.85,0.98,1.12,0.9,0.94,1.12,0.93,0.85
AMN,EXT,415,,Gerald,Gardner,2025,DIR,1.14,1.16,0.9,0.89,0.83,1.19,0.88,1.1,1.07,1.18,0.97,1.06
BS,EXT,415,,Virginia,Clark,2025,EC,1.17,1.19,0.85,1.2,1.03,0.95,1.06,0.86,0.98,0.85,1.09,1.01
BS,INT,589,NEVP,Douglas,Holmes,2025,EC,1.12,1.18,1.17,1.18,1.13,0.91,0.94,1.0,0.93,1.17,1.07,0.8
BS,INT,407,NEVP,Ashley,Bailey,2025,DIR,0.88,0.93,1.12,0.91,0.82,0.95,1.12,0.83,0.96,0.8,0.8,1.15
AMN,EXT,407,,Roger,Rice,2025,SC,1.14,0.94,1.17,0.84,0.82,0.85,1.13,1.1,1.09,1.07,1.01,0.94
AMN,EXT,407,,Donna,Bailey,2025,SC,1.1,1.16,0.82,0.82,1.01,1.03,1.07,1.15,0.9,0.8,0.86,0.8
BS,EXT,508,,Albert,Freeman,2025,ES,0.83,0.9,0.82,1.03,0.95,1.15,0.9,1.17,0.99,1.12,1.13,0.83
AMN,INT,508,EVP,Kimberly,Crawford,2025,EC,1.04,1.07,0.94,1.1,1.17,0.89,0.89,1.17,1.09,0.87,1.16,0.91
AMN,EXT,407,,Gerald,Castro,2025,ES,0.9,0.92,1.01,0.97,1.09,0.83,0.98,1.06,1.14,0.85,1.13,1.2
AMN,EXT,589,,Andrea,Mason,2025,RDMF,0.87,1.12,1.19,0.91,1.15,0.94,0.85,1.0,0.8,1.04,0.95,1.14
AMN,INT,589,EVP,Carl,Vargas,2025,ES,0.99,0.83,0.86,1.02,0.91,0.91,0.95,0.82,1.17,0.98,0.95,0.81
BS,EXT,407,,Billy,Garcia,2025,OPN,0.95,1.16,1.08,1.12,1.13,0.81,1.1,0.93,1.12,0.99,1.0,0.87
AMN,INT,508,NEVP,Martha,Mason,2025,OPN,1.14,0.92,1.13,0.85,0.89,0.86,0.89,1.04,1.07,1.02,0.86,1.12
AMN,INT,589,EVP,Mary,Davis,2025,SC,0.84,1.18,1.09,1.0,0.87,0.9,0.86,1.06,0.97,1.04,0.87,0.91
BS,INT,589,Groupe EVP,Gabriel,Hayes,2025,EC,0.86,0.8,1.02,1.14,0.84,1.03,1.17,0.99,1.01,1.19,0.92,0.93
BS,EXT,589,,Marie,Hughes,2025,SC,0.86,1.16,1.08,0.85,1.0,1.11,0.98,0.93,0.97,0.91,1.12,1.01
BS,INT,508,Groupe EVP,Pamela,Herrera,2025,EC,1.2,0.91,0.94,1.19,0.91,1.09,1.15,1.16,1.02,0.83,1.19,1.08
BS,EXT,508,,Christine,Gutierrez,2025,ES,0.93,0.88,1.06,0.83,0.96,1.04,1.03,1.0,1.04,0.97,1.1,1.15
BS,INT,415,EVP,Olivia,Ford,2025,DIR,0.93,1.05,1.15,0.95,1.12,0.86,1.2,0.82,1.05,1.07,1.13,0.87
AMN,EXT,589,,Raymond,Wells,2025,DIR,0.82,0.95,1.17,0.91,1.01,0.82,1.15,0.95,0.83,0.96,0.84,1.0
BS,EXT,508,,Brian,Jordan,2025,SC,1.14,1.11,0.94,0.88,1.13,1.18,1.05,1.13,0.81,1.04,0.82,1.01
BS,EXT,589,,Mary,Palmer,2025,DIR,0.93,1.15,0.96,0.98,0.81,1.17,1.07,1.0,0.87,0.95,1.09,1.08
AMN,EXT,407,,Mark,Gonzalez,2025,SC,1.17,0.8,1.02,1.18,1.17,0.98,0.83,0.92,0.84,1.15,1.11,0.95
BS,INT,589,EVP,Betty,Freeman,2025,DIR,1.11,1.09,1.07,0.97,0.99,0.92,1.11,1.02,0.98,0.81,0.93,1.05
BS,INT,407,NEVP,Russell,Marshall,2025,ES,0.84,0.86,1.08,1.09,1.06,1.16,0.95,1.1,0.87,1.14,0.99,1.13
BS,EXT,589,,Karen,Woods,2025,OPN,1.12,1.02,1.1,1.03,1.08,0.94,0.91,0.81,0.98,1.15,1.15,1.15
BS,EXT,508,,Michael,Castro,2025,ES,1.09,0.81,1.03,1.04,1.03,0.9,0.92,0.8,1.0,0.85,0.82,0.98
BS,EXT,508,,Roger,Stone,2025,DIR,1.06,0.83,1.07,0.91,0.83,1.01,1.16,1.03,0.88,0.92,1.05,0.88
BS,EXT,508,,Rebecca,Woods,2025,ES,1.16,1.1,1.09,0.86,1.15,0.95,1.18,0.95,1.17,1.06,1.07,1.13
AMN,INT,589,NEVP,Michelle,Gordon,2025,SC,1.04,0.92,1.17,0.96,0.8,0.95,1.01,1.18,0.98,0.99,1.18,1.14
BS,INT,407,Groupe EVP,Katherine,Alvarez,2025,OPN,1.12,0.93,0.88,0.9,0.83,0.95,0.81,1.03,0.84,0.9,0.82,0.83
BS,INT,589,Groupe EVP,Joseph,Reyes,2025,ES,0.84,1.15,1.0,0.81,0.95,1.17,1.0,1.18,1.07,0.93,1.02,0.81
BS,INT,415,EVP,George,Chavez,2025,OPN,0.94,0.96,0.91,0.97,1.09,0.95,1.07,1.01,0.83,1.18,1.11,1.09
AMN,EXT,407,,Virginia,Phillips,2025,EC,1.0,0.89,0.81,1.15,1.02,1.18,1.12,1.01,1.05,0.84,0.9,0.88
BS,EXT,589,,Vincent,Crawford,2025,ES,1.06,1.13,0.83,1.11,0.88,1.1,1.15,1.0,0.95,1.17,1.13,0.99
BS,EXT,589,,Thomas,Lee,2025,OPN,0.88,0.83,0.83,0.85,1.05,1.16,0.92,1.03,0.87,1.12,0.81,0.85
AMN,EXT,407,,Grace,Gonzales,2025,EC,0.94,1.1,1.07,1.0,0.95,1.08,1.11,1.14,1.02,0.9,1.03,0.99
AMN,INT,407,EVP,Judith,Mason,2025,OPN,1.02,1.02,1.17,0.82,1.18,1.11,0.98,1.0,0.92,0.91,1.19,0.98
BS,INT,407,Groupe EVP,Christine,Williams,2025,OPN,1.15,1.11,1.19,0.92,1.03,0.85,0.84,1.18,1.14,0.98,1.1,0.95
BS,INT,589,EVP,Betty,James,2025,DIR,0.99,0.98,1.11,1.17,1.14,0.87,0.95,0.99,0.87,0.93,0.99,1.16
AMN,INT,415,NEVP,Bobby,Wells,2025,RDMF,0.82,1.09,1.05,1.0,0.98,1.16,0.88,0.96,1.14,1.17,1.18,1.03
AMN,INT,589,NEVP,Justin,Jordan,2025,EC,0.9,1.03,1.19,1.2,1.0,1.03,1.02,1.17,1.02,0.95,0.96,0.83
AMN,INT,407,EVP,Joe,Foster,2025,OPN,1.07,0.99,0.9,0.93,1.0,1.15,0.85,0.85,0.85,0.85,0.87,1.08
AMN,INT,589,NEVP,Anthony,Price,2025,DIR,0.91,1.05,1.18,1.18,1.19,0.83,0.9,1.0,0.95,0.85,1.17,0.94
AMN,INT,415,NEVP,Carl,Phillips,2025,SC,1.16,0.96,1.1,0.84,0.85,1.06,1.04,0.99,0.86,1.17,1.0,1.02
BS,INT,415,Groupe EVP,Richard,Taylor,2025,EC,0.89,1.01,1.08,0.99,0.96,0.84,1.02,1.11,1.1,1.05,1.1,1.02
AMN,INT,508,EVP,Roy,Patel,2025,OPN,1.07,1.06,0.89,1.04,1.02,0.92,1.08,1.17,1.09,0.96,1.04,0.89
AMN,INT,508,EVP,Angela,Ruiz,2025,SC,0.82,0.92,0.98,0.91,0.98,0.96,0.85,0.85,1.04,0.8,1.1,1.17
BS,INT,508,Groupe EVP,Jeffrey,McDonald,2025,RDMF,0.96,0.9,1.0,0.99,1.02,0.82,1.18,0.85,0.98,0.82,0.93,1.1
BS,INT,415,NEVP,Aaron,Walker,2025,RDMF,0.9,0.87,0.94,0.85,1.0,1.04,1.05,1.03,1.0,1.1,0.94,0.91
AMN,EXT,508,,Jesse,Wagner,2025,OPN,0.85,1.08,0.99,1.06,1.16,1.11,0.91,1.0,1.1,1.08,1.04,1.07
BS,EXT,508,,Jeffrey,Cox,2025,ES,1.17,1.19,1.06,0.94,0.86,1.18,1.16,1.19,1.05,1.16,0.9,1.05
BS,EXT,407,,Sara,Boyd,2025,EC,1.03,1.0,1.11,0.98,0.95,0.91,0.95,0.92,1.11,1.12,0.96,1.05
